user_id,item_id,rating
62d34109a98b0d51d5ba919eb7dc45e1,16068905,3.0
8a4260b3dc5bfc374fd750d88dab3a0f,461718,2.0
e4847c213117ed5a04b749a935e5199d,342049,5.0
149119b10bfec7443d3cfd9158b9446f,7178,4.0
7f144d2805a5b3ef0ca496c351b5de0e,506916,3.0
0e095798ecc81e110267808aea4b9fba,15818107,5.0
d3c54daf5919fd1e036dc78d635a52e8,28211977,4.0
41d356ba422328e649107e0c9313e0ed,77023,5.0
86b0f8caad0c89c9b9ee9c5061e7d3db,3080212,5.0
10ca6267229d7461b0963b7c61f0c4b9,20893331,2.0
11e5b53f0396ad6ed18db03946f12dca,289537,5.0
e3c9b866413f68495d3853b97ef70a8a,17061,4.0
d0f36bbb5aabaa2b207dd2c94028df8f,13486632,3.0
2dfe86f6c5bdfa96fe913396709d6969,16068905,5.0
f6dba3d3113eb51e3ec1b76bf79c2257,20446481,3.0
08d7c20caff5bda742d7a4edd53ef566,7046461,3.0
288dc8c9871098c8a1b680db829275b4,289351,4.0
b0dd93e91282cddc56d8a7d07db3a410,8064613,3.0
b5503f2b9df8b57c667743e256caa3c8,27556157,3.0
89a4ffeb50b662349bfa9077828083fb,21469068,4.0
ddb35fd0fbb0b71f2fa56d1e26633e8f,24611529,5.0
f43831cad3f453aa36ff49791c50afba,28588160,4.0
1bdce0045977b96468c342312e73607a,8667848,5.0
bbf2acaab43e8817ebc88b475529c902,2220278,3.0
7769ab3a8e52e6c50471b4897b71b8a2,12127750,5.0
b981b4b103af9ee138e78a2c1129eafb,13235557,3.0
8e4c8b03a767069d570d50eb092a082a,10967,4.0
fea537c009588899ade60dffaa936d34,676924,4.0
deee3bf7932a2342e6fea89c0ea6e26a,6116805,3.0
1abecc157c50a94337d801e7d427d54a,24431,2.0
67e67ea57ee82b250d828abf1569e70a,22249086,5.0
335b2064f6d68ddb7a96d633a7740af2,25393533,3.0
ab2fadb5c7bbe55c80406d2b3692e969,29566060,3.0
9b5f958ff07dfd10fb01995f163e4144,1250158,5.0
d702f60f49b9956bfcfdbc6be1c97cf0,27834700,3.0
4c45608a3a5e33d1823bd7a6f3f34720,1118668,5.0
9c60d6199dcbf356863861f1464972d2,21805544,4.0
b697edce070ac31b95302aab43b92e40,20743075,5.0
fbfab6f26da3a6e325e4460b9df38334,30369285,2.0
ce16ad27d8db781e28096f9e64e02f74,16280051,5.0
9b0d694808988c7b852c65a7e25110d2,2330711,5.0
87888560a6646647155dbef121cc57a6,27307561,5.0
24d355e373723c80a5379a65187c7e1e,1232,5.0
2169366aefc176666a80730bdd252e3a,15817351,5.0
2ed9e34c0c30f4f60cadefa77c9357c3,31821835,5.0
05c568b77d9d6fa58c695bedb6abfaa6,22424693,3.0
bdb1b3281e80ea0d7ad206da4a9b23d0,20945288,2.0
5b58dd727b90f611a739f6cbc4340b1f,3154411,0.0
3a8f268120c5775ea59e6bf742984121,11322936,4.0
80e7d2def82d31ebd0b326eed3c68834,11857408,5.0
510e72d254b8122e3774e6de3c5765ed,27083865,5.0
35019345d1ab65870a3c7a246561180c,13451002,3.0
396a6924f9715a32d1c4e718aceb926c,140975,3.0
3c08defe6983d0f98b4c9f6bd3ed44bd,5060378,3.0
dea045d73d8f99ce94b9a553db883adc,17855756,5.0
7ef06154c588df73c92db9ff15f29197,6780660,4.0
f3c0b3a534da64b3bf9eddf474924098,10112885,3.0
002a023d3de233b4bd3ec4fc3e9c581a,75024,5.0
01a2b0d71ae67ae4e04791997b230eca,26837503,5.0
b763d7cc3d31c5743709e22f98a36cfe,16150996,5.0
97a568a2a7f9b777142301c1c6a274b0,1232,5.0
36c5502897736d2dabb3d27b976a10de,14739231,5.0
efec4e8248898a32e79d16a3bb802680,12686642,1.0
451eda828fe3f8a20aa45ed4a6093366,238662,5.0
81c908fac0240d3b49c00febb5304795,16151178,5.0
1754f9d8fb9fb2460c56ef78059d2334,11149,1.0
1594d6751bc6b2b313db4881d54787f3,28921,5.0
79ad8a39a6dd1dbf02dad9a701e0da72,9942200,5.0
0f4c9384e81d60ed8ed21b13a2a502a3,22061453,5.0
34dd80e101dd8778d125c2585302e5c9,26245850,3.0
959badfa3fb8373c005c6979b0f8708c,32947014,5.0
ab6f1c002881956851e6e36327244d67,6437061,3.0
1f3787ac07b00a1fdec24e5bf8db90c8,1232,5.0
01123b14590a1ac22fe172aab20129a3,154423,1.0
74325a6f422cbca4fe91791dc1aaf023,15749186,5.0
81efdd3de9a52ad959fde4ca8f06d5e5,2642070,4.0
2b7c409aefaf3100f98f8cfd8aa23b6e,17739948,5.0
3b31ac9059f84b50b831695ceaa95871,54726,3.0
f7d6385450b74c53c4449a03095d883f,11342788,4.0
58423b871af8da3b7d3876e28c504ddb,25710389,2.0
08d805375530cc208801531ca7fdefbc,133872,3.0
0a68d9229e0ead8e6c129d9100d50007,62111,3.0
d1ddf86ee1310b51b32a02ff6c19d34a,12445552,2.0
57767cbc8a3757b2f4de9d158d16baca,11785701,5.0
c7f69107735d55d58b453205f39ea3e7,49891,5.0
c2c496d603e8ef2d1a47085b5d33e6d9,9881127,4.0
d906dd66de32f7e749db75cab8807f46,18816603,3.0
4c7aaf0ea1c8e333e151c6e9315ab5f6,13589137,3.0
3b57a83fc28880d8e5dfb6b4c4c0ae8d,16110347,5.0
7d4687b0b4cfa048024da7694d25671a,316967,1.0
82c665471a6cda23271b724b876e1ec8,91249,5.0
7daf5c59e2b63aa8175bdbc664e7bc1b,30826827,3.0
b3d7632839e03ac12526dbdd8e9baa3b,17660462,4.0
4f40bf5378b15419c54d27e94be6e77d,6162677,5.0
3b393badf0b77ca7a283e2ed893118ea,9771239,4.0
32e85b08e91fa69b7df725148782a72c,9203409,3.0
a7004ed8578f06db4a79177e83d7ac30,20935107,4.0
f1033db7ef324710ca66bb7d57a71ecc,25491029,5.0
c1a88d94ba68743e6b32535c588dfbd5,16093278,5.0
b7c84ad87696530670c40841f71ffb2a,25878511,4.0
43d9d14507354d4d3b1861d48762c22b,8709526,0.0
40fe98e241857bf29b20373cb1f5960e,20697471,2.0
425b6b14258acd48498de682a074cfcc,17277854,4.0
ebf19b5f1252fbda80e4a80eb1439969,28214365,5.0
ce793e1e6bdeb7eb5ed7baca6088b6d6,95950,0.0
76f18fc718dc6afe2bcfee8bf3a11b4a,12987192,3.0
7378ecb1e7234b2c424eeecde5c3ea8f,18775359,5.0
43e04a28a53698c4cff3def89541b716,15772644,4.0
6be9fa9b8edc7fe28d94b085d01346d3,25659422,4.0
5bf8e1336c9e88f29de5e77af22f21a8,6387714,4.0
52ae5590611f9ac2255bc6e4e0462db2,19288239,5.0
3df1415857071dc5a347c05e6be148d4,29244471,5.0
287d63454fec73b523f9ce650f931210,1840511,3.0
e039e16a71b434b291d6f9d5543b6de7,51061,3.0
0152f46af4b307b43280f6250d9892cd,25196203,3.0
7d94214af320e75630deea6c7f47f4f9,15790854,2.0
7d2b77f2b1eec60a4af880a89db62904,2118745,4.0
ac943fba786de2d5c121d108582d64d1,34999440,5.0
60956f041bdd97f5711dc25af83f429d,16248141,3.0
5afc0fc5af64e40d42d9f533b527562c,38296,3.0
a03cc732a60c5526be22a88623c2152c,12661582,4.0
d0414abaafe1a45c06630f41d52cf15f,140403,3.0
e502ba9dbfdb7cb51ef500815dd52544,12812550,4.0
e66f17bf1ec8583d56f2b7d466db06a8,160072,4.0
a0d11953bac7236f6dc4b0d37815a456,6069188,4.0
42f0a7cb849df52c7b4950ce0a5bf876,18145096,5.0
aca760854b57ce2ec981df32e46dc96c,12812550,3.0
f710d27dde4a3ccf568d3c3226318ca6,2292384,4.0
8f1b60cca500d69ebfee3dee78a8f91b,50,5.0
385dfba36a344c6f631d9401a7132153,31456948,5.0
aa3a856f07c670c235aa0a8ec66ea6d9,15808287,5.0
8fd2ee4276fd541c185fff706ba86f28,30123186,3.0
459a6c4decf925aedd08e45045c0d8c6,8508495,4.0
4cd75f6ec178ebfa045eef17e7b5f8a5,7619398,3.0
4294723ce87886697118dc2fb07beffa,25208437,4.0
2ab7623f60197f5b674dff11db90911f,23299512,4.0
a4647c9a2b6597d19488bac6c041e99c,13706918,5.0
c815a941df785dc0a2c8cdb3dcda7e56,17787448,5.0
efcb9660ccb119d824aef4a19adf1cd7,17572903,5.0
4ad272c41af8a81a381278a7587d14a9,30171518,1.0
0d0d2c27926134e3e23f38e2e47a3149,18618994,5.0
95466378a52e943bdeae626047d6e26e,864098,5.0
d45ae0bef40e3731d498c30881e04728,332226,2.0
4b0fdfc85a38fca8b73d91f2fb3adffe,16068905,5.0
28857fa0cedacf37fd21fdd9528f0b51,30041179,5.0
006e0ce3d89f1449b196c5422eab4e5a,43369,5.0
61510bd249cc79e693213f7c4fe74730,5186,4.0
d7310760f68365d3ca747fa8b9310518,31338832,3.0
c45e62309df5792544125f02651a3a27,8306761,4.0
b7419b0fdd90045cb5b2b2f62cc3fce2,11588,5.0
4f40bf5378b15419c54d27e94be6e77d,13274597,3.0
11c824ed598bc9d922b151b04e72ea21,31842679,4.0
3f021727004f678c17138bc5df022aa9,54120,3.0
59151b639f247aa97fffd5c71701db29,4717,3.0
8b3596a20a3bc901d87525b9d5426dd2,9309385,5.0
444fffcbbcda7d50b288c56965db81b1,13554976,4.0
eb105d896ac3c8bb9774043de89cd759,827911,3.0
5a1e7d87ec9dbb57e2fe97e9286779e8,27071490,5.0
2ce858224e30bb90453c2a22a1216b12,12958034,5.0
65296f2b0c01912aa664322d968cc008,18293427,5.0
0e158dabc10113d903a8c6d68db05679,18129936,4.0
c21db8350f75bf1b5130d1cafb3d88f1,497121,3.0
c50e0071fbe05baeeff8708fc663eb24,8667848,5.0
f89b6f331c120415c517f3a587d96b96,940451,4.0
d7c5c0b3c00916a542a9346f84aba18d,8356487,5.0
2a7be11abcd377fd5b5e6cb5fc4a21b0,25527966,3.0
def079f6192273cb2b3dfb896520c18a,5310515,0.0
b0ed09d14a462cb2d27327b87edf6f68,4954902,4.0
b42699a56ea718c8bafd997123dd0381,9797582,5.0
962ef09e172635fdbd0f6b14e3a99c65,5890,5.0
82894a6ba4bb545bcb1871a315a4680c,64936,4.0
3fb0e5b87476b069dbf89d79ec3117e1,8535449,3.0
cbb2c5dd158ca54793fa1f7e609864e4,6604887,2.0
d05b123584bf4b1f205f70ff3216b37d,30257794,4.0
bb7c403c4e66c28b179b01ea9f1028bf,277472,5.0
b4bea6c4560c38fb2e81a59d4bdba1e4,23351890,3.0
965e69fa63a55f803a1172cf39d83ca2,10184403,4.0
5c7e17686da153ed2d2fb25af3b82086,29852568,3.0
6dcb71b67c96f5f25982c4f3147f2bcb,25912376,3.0
4023f82901f5859aad9744b5781fd36d,8559047,5.0
e7f4e9b3faad614dd35e75eac9304b72,14839,3.0
d42296761bd3b31d7a39518187f74a8f,344473,4.0
c1ab87f57f223c30e3a77e5fc6595628,18293427,4.0
3a3a114f4dc3a96b976a33a52eb5d836,479309,4.0
405965e995cf54fa346c40f611148e7c,15569,4.0
a36a1644b6e97b1231cc9ad081384935,26245850,4.0
0b938f8e112485999568129e0c276c73,6986858,0.0
e988c0db08608d6b07fa0942acc69f02,21857139,4.0
b675a58862e8c18b789010d48d18bc72,12576665,5.0
8fa96a403a80a92ce4dfa3497e498f8c,62530,5.0
9babe654bdebdcd89f4044e4202c8260,15780279,3.0
d12856f94686cd8d6d423c68266dfc3c,10210552,3.0
0b8957c01f3d289140719c2c4bffeb78,18071872,5.0
8810d40d3ce7e3eeebec64a14cd658c5,8663600,4.0
0ecc58a15e5fe280544ad4ab799bc34f,5060378,4.0
cfe555a432e1e9d63874c7f0535b2a73,25251757,4.0
08f9a79d545bd0cbe4b8699b09ecfa45,16103704,2.0
648bb696dbb503351a677431eda5d762,13059477,4.0
b5af2b0dafdebb8aefb9fd4b0ce8bc0b,20743075,5.0
459a6c4decf925aedd08e45045c0d8c6,12942741,2.0
311fd4f1416e4697d3513a3ec31fc3a4,17930773,5.0
35ff481991573873e966856d5b6c9c0a,15801967,3.0
f331b4c0b3b6e97f726a44baf59bfa62,18111107,3.0
a8533b8667e19a78f25a9af61dc2a06d,23014673,4.0
bfec32f03798b0303ed678c1f9372210,30526196,4.0
1861fb13fd7d8f9bb0dbd131cddef1b1,28047498,5.0
3aecbca1aad6587abdde60717d15b533,30623931,5.0
6ce050337fb2e14310e1c07836755cdf,29566060,0.0
95fe4c59f90adac0cf33862d3695e78f,16102251,5.0
4922591667fd3e8adc0c5e3d42cf557a,16000924,0.0
cc80f4bcc2d5e0b690a74593dc12af16,12045901,4.0
2d56132c389f876bca2cf4640c08e649,21896551,5.0
acdaaa2f35f6e0c62f2561b48d4017d9,13312527,5.0
25546dc24e232458b36f0942bf1dad3f,27071490,2.0
799860279febce364e5ee93a3822b6c0,453792,4.0
746088aad5aa40cd0f079bbdf4d2d949,30990116,3.0
3c49ebc7177595ba029b3452f4dd1f52,21965107,4.0
58a92353bad75a7c2e6808d87d02062c,32995517,2.0
7513a51f7c3b925442bb0b46cb0235cb,11381643,5.0
df549d9976e2d0a4ed3d4a89cd9b479e,859887,4.0
38c0afd76af5667ee972745d7af1f507,7926242,3.0
47d8dd4bb97e6316dfb8fcce1ab159c0,18216743,4.0
a90a09b5016f74d6a47d83573a96c68e,20733565,5.0
0d7f985364140270f38979a08b54ce64,75407,5.0
59dee447196fb2000ecde624af256812,3495748,3.0
99ad9a44f9b5fdbe14b81a4480f19381,16068905,0.0
76446c862536b4d98c5ddadce09e5b5b,17372058,5.0
8001a8ce6d053c0dbe4b311501f15349,20959438,5.0
c8ac7092e26f661d33555f4f290fa61e,2048476,4.0
4283204de2c28b3a8414907615480042,18693716,4.0
c97f7535b6d089459ca97a620ec3cb23,29276588,4.0
97e096205846f658d77485a8884d9d09,6082773,5.0
dc08c0de0c8c4a5d016c4f03993e09fa,5982240,5.0
d896005813ef0d3bc6563f826e839d0d,15808767,5.0
fe663b04610752dda171ded60de326ff,711901,5.0
1932cc53ae6b30dcb4c22aa43683847a,25897867,4.0
3d656d59ec3aeff5b4c08caff0c23e08,18775370,4.0
aaad1ee1234fee8bad4784d6b5537a4c,26277446,4.0
9003d274774f4c47e62f77600b08ac1d,25689053,3.0
950d1f9834882e2af9a466a7f73dc38e,21936988,3.0
310677c29dfb0dfa6aada7024fec0b3c,3817859,5.0
ab157817f125adbde8e8a119447cad77,23211253,5.0
62c081c5d12f586d7c9c693f3502406f,18340003,4.0
d59bc5d8ec3e74dcafd3093a3a0040d0,16098976,4.0
8cb3482b12638a9baa10f28ce8d01e9b,17303139,3.0
0e805ef1c04a2c1f56b0bb87ace327b1,118841,5.0
65f1982225dd8a881d617f634d9759c4,178813,3.0
46e23d760843b8c9a4108a55cd92413d,82783,4.0
a8ceaad452451fb240556c801ec5f16f,5310515,5.0
e63fe630d2c7bcd3c4786113dbe79f25,25448677,3.0
f840e6f1ce2b6dd05b711a60dbb80061,27824826,5.0
ba3b6d63c02e12785cfb60b077822b91,11810047,5.0
28d6811ede0fc3484cc09dd746864db7,4772556,3.0
0ed6e5b5cd923c666705e977521e0c3e,22083017,5.0
32f91168b4be698334555b53f6bc019b,24590541,3.0
7413513075d9e18bf1284efa491a5174,730501,1.0
29f3d5b1506bfcbc8c9f6b91c16502e4,28561501,4.0
02210221881470bc125785c751099ef3,22510983,4.0
b5e760eedd223e7913a312bb9a37adc0,20447745,3.0
af00dbd9492f61292779995f82dedb30,17790069,3.0
4089bcb09a530e6dbfe9d2d488ade402,13447801,2.0
c04d479e2695528e0bc68f0fd759c2ea,101299,3.0
7da00595246c4fd51b9dddd588b429a9,29284453,4.0
60ba13d8c742b84b2ec2445d9e04afe6,19376949,4.0
c2fea6a4e8c5b373015671cbe8de943e,2292384,3.0
360ecd2f9afbc474610b547cd5d6e03d,17468970,4.0
1bbd8e7dc2c5fc49a7e6ee6fc9aa8b29,18668921,5.0
eb105d896ac3c8bb9774043de89cd759,240391,3.0
0088ac052921fbdad6145c29322f9144,6480855,4.0
9e0fcf14ada91e313225864c6e2ffd5d,3431291,4.0
4f99a0c0683eb91547b5b2504a971a7e,15818107,0.0
9d08ff0ec84bdc1a89a0ba92ac531afc,139418,3.0
e97de8b3c8eb7f2d9d399e5dcb4e7242,17834992,5.0
60debf1879d7e010429dd8d2e1305049,23494732,4.0
9ed86ecbf6d0073ccfa0aee0e3f82360,20697451,4.0
803e5f1cafc0dc7edeb04f0827477531,6316381,2.0
8a5727b99fb1d1ec382fd27c6a269a88,2118745,2.0
84c95c9b058590eae1948117d41ff515,8573642,5.0
5ced42e501539715bc86991ed86dd1cf,19081402,4.0
e029eadd65345bb32ef4d0c902cd66a6,460722,5.0
dc401ec93aa62b96b01028ea5c101ddc,25957569,4.0
b718afd04fab6f948fa1332bc84f62c4,9545600,3.0
c88a35271aab301480c0a523a830f83f,16121862,4.0
02ce0e4f7661d02c12ac09d2957ec1ca,11275,3.0
99cd63dc78900174ab9416d899f58055,6542268,3.0
09a5ca4f5168e3a5bed6dc15ee176d39,18369888,5.0
666a01111f672fb40ea1cb59ba77e1c8,2168860,5.0
f0db19e5e7b5921bc24390f72763bd50,6568777,3.0
42f0a7cb849df52c7b4950ce0a5bf876,18192958,4.0
bdb7fe54acffaff503d772dcdb546ea5,17316144,5.0
902dba7b0101e03ad0a4046b01c072aa,29340013,5.0
39938e7bc99671c4a41c18c1812eae72,11275,3.0
922c10342e8415cb2bf5546ca4a04585,17572903,5.0
a9ba5fb0af04ed3032e7a5a7feb53a37,5237646,4.0
b1e689f30088463c821e9d834303ba9b,21894116,3.0
1bff2fc0d8d1c8a5baf2a676b681e3d6,152695,5.0
5e2ec3d8d9707955f2762ee2ee979868,5833737,5.0
d14dbecca5fc6091de8737ed5b786656,155712,4.0
d8d37abc431dd24f375d1e3048046690,16113606,4.0
5996cce2f5c9b4d6e45f803ad117ab00,30227022,4.0
ec99c8a26cf99fbef94e0688d44bcce6,10103367,4.0
23c30ca29e498a0b4d8927259626c4c6,16059484,2.0
d427c2732c052a4118ecac099ac2f413,30369285,4.0
e46622b8dee42454801e52cc51ec8911,30112542,4.0
e3f5e59b562154ceb145015818034844,19494,5.0
b41b6603eaf8e57055d411bc81e84bb2,932671,4.0
f9a9c93d44b92bba276e4e4dd6782f02,23303570,4.0
c1e037264837626d848120c5bbc2224e,18293427,3.0
b1eae9875b7ade5ae46d9e7faa458f8b,22112381,3.0
9c692e44fab3d5ca585cf282344f18e1,30825585,4.0
a657c5f429e58100766230362b8183a4,11966692,5.0
d7d274eff4fb6c396bf2f841c5625a1e,15517815,2.0
67022ce9ca49680c42d60e5c1586d13d,63137,3.0
c20b437b5abc4781406838bd509497d8,1182523,2.0
56ba0d81c68eb9769bee42baad27a7f2,1167532,4.0
326f73e26d8f6bea0c2b2b319ce160ea,29867,5.0
b578c43829a3dc3f56bfb412114a7ecd,18816603,4.0
570fcfa0163e846e8e448f79dca44fb5,1898,4.0
ef67b5b7e15169b4312d1de306b94845,1152993,5.0
85b0eb3cb996548247ed6bc0c72d81b9,23990847,3.0
508f4a34f95fb799e7399fb19148c756,20564453,4.0
3764697f5ba1242587a13ffe5d727586,10381196,2.0
9bf28fcb690b5101f6f5b795a6117a31,33148474,5.0
d37e71f2ad14fa99dcc0b8ed0b5dbfe3,3591262,4.0
6789b747210e02d8b999c7a91f868e19,68427,4.0
23707a362381383e39261ade42ccab86,20564453,4.0
2fb6c91287c49103a1e4c89f5508d9da,2642070,4.0
3a0fb6f787464811fc2eb85ec711df72,301024,1.0
9a508ae6bc330925ea5342ca53241c81,16150996,5.0
058b8c1044f0f3643bdb70592c07dbc2,29749403,5.0
63eb5a9ea6fbce905e96dadf97e60c93,22521938,5.0
e782e331ef79a9549b84427c3f5e0c1e,13312527,5.0
922a1d9655c0eda2f1f5aaacfc2a5986,6780481,5.0
323b2570e1663a1a2c2a2800e33210c4,479921,5.0
007cd7984747b4ec4401c530084d4458,26596633,5.0
d67305c5c7a686bbcac3cb847031bb87,12259549,3.0
45bdd8290ca914a7bf53bb6aef7f636c,8306761,4.0
8e7e5b546a63cb9add8431ee6914cf59,131122,5.0
274ed0f9661bafd7bc0ca5271b46ce52,21943246,0.0
b70ae2b81b96c4236b1146d0047d70db,396021,5.0
53e14d931ce17f78496d13182c5935cd,1232,4.0
dcf259e75e620301aa1105034cc0c31a,25246130,1.0
8ea45e7be31d0164c63696d7b8b1bc20,23425,1.0
83a4289c59be76959c1c36808dc2991a,9339901,5.0
12020dc27021c1e773093c8635096157,27163018,3.0
af00dbd9492f61292779995f82dedb30,12127750,4.0
dbd7ec7108d54b382be7f9ad4984fd73,2213661,4.0
c6f5601de11f58da17acd7774446c5a7,16068905,4.0
8e0439a3fe96d5fdb4e56621617c8c15,17560674,5.0
256a2d57f9629ba5bebdad5978958f5d,2379030,3.0
83c78b4ca3cc811f40e8f669e0cdcfca,18050394,4.0
a75e74c47eb7352f93697fe4fbb55039,2948832,4.0
727eb6d6084860c6236bf5b0109fd416,25891528,3.0
4023f82901f5859aad9744b5781fd36d,34726396,4.0
bb1266acd6c2c326f42ac083a4e5ae80,25798976,3.0
8273fc29780c84559cbd533fc969c0a6,25691913,5.0
4a549c96cd8086e211c89a984318a6fb,84119,0.0
109174e426b16c4d581162abddc31011,24869865,5.0
5da6652c9c0e4013844612b832e4c66d,31836430,5.0
6c1f070dde2c14cbead91386c46e8197,304027,4.0
52cc44d644d7f16b18ffe6a65fbbc204,9416,5.0
cfb3c559e9cdfa334a15c045fd12d00d,371,5.0
f1f52ea02009ffc0275d24f2bb56e121,18014357,5.0
47b29a22258e90233896795adb1cd2c4,26114474,4.0
a70a5112eb8de73b119d56907e9158b1,13486632,3.0
3552dec839761aecf093ccd24be49f7c,19341447,5.0
5444fb116fd2a7c287d2510c2d15bab8,60813,5.0
ed8ecfc63295afb8caa352698a827a7e,213186,4.0
f3eaed02a8a028ec528259e34a15dd1f,114159,4.0
fe4b4225b3abb22d1fa8a2f084afd3d1,5996638,4.0
08f9a79d545bd0cbe4b8699b09ecfa45,27139070,4.0
799b564533660e5a56a90d09cb573729,377917,4.0
518a0da71d621b4d0c19b400230c1f30,20440584,5.0
db5da66ccdbcb721928be71e81b35f8e,23615823,0.0
33f88fcf51a2e21d48fd2a1826e38369,16068905,3.0
94653619e295fda5e52a997dbdfb9081,15814434,5.0
7f215e0576f39efdff58926f22422634,22267749,5.0
459a6c4decf925aedd08e45045c0d8c6,6333,4.0
a1a6d488acf6f29821abe2fc280dc0cc,6138,3.0
5f1c4dbff07febc930b6fa6ce86494d0,12542167,4.0
909e430324d1d07372797a539e9c114f,615207,4.0
894f73ce1e931bee56fff5d8e3d986e6,1857397,1.0
31de3090bab5a49652618fc5f39663a8,6482837,4.0
789b24d766135ec06a5754e40ae79e6b,18299358,4.0
b42835e0335b800c8eeeaecc6e4dc210,298230,3.0
60e5f3326171608f7f7d8073a8114d21,29396,2.0
002a023d3de233b4bd3ec4fc3e9c581a,8667848,5.0
2d0a527824bda707142f7ecccde89dcd,29919426,5.0
770389e0a22b6d83f1d32607fcbb3e89,683548,1.0
b9f95e80b1895c747d082b10f5e8aed0,24156014,4.0
20c817794e59bff344a11c53394ed578,18010017,5.0
26538f0f360954a65d7ef0dff0624a96,12349002,4.0
d3cb7c4d4a4d698e8078f36102747c0b,33215536,5.0
38f9b31c3b476e459b82c52802ca016f,13082148,3.0
edb7aa6713ebb17e1f774d4a56a0f7a4,527744,3.0
ee5587f50c04f0f96c4f8470021782e9,6366437,4.0
ea57fc6e27aec3ff27fed39aad9eca12,16718816,5.0
9522c1f35189a1e5b2860e7db097c1ed,20632298,3.0
8537b0108efe48dd0f2b352f431f0167,23009370,5.0
34ee581a7c9ff787086ef4713c96ac01,18000404,4.0
21a39176aeaec3053036ea1d83563ba4,22571275,2.0
17048bed5dbd36349d1a08582ae7f7d6,27071490,5.0
fb215262c84f36377cd750bdfbb47159,2089415,3.0
40b9d0b6500774a52d873dfca373179d,29490971,5.0
8ff05816325cd0f6167b4667cf884deb,19670,5.0
0be0c5b838fff9631a3028fba07a886b,16073086,5.0
9929e7cf861410011c92b5453cc76525,31624,5.0
a4e49916f79a9e0a7ef125c412f493da,17181778,3.0
41fa46189f1d3d4a26984ffda275c3ae,10844125,4.0
a00890af2d2ae3a384ca4d27102fcd74,21530229,4.0
293f526d498d51922b2c30a37adcc69f,12812550,4.0
d42128f64fa6048e85340fa52c5b665b,29396,2.0
aa80a52b124b1432995c396bbd8a33b6,13589139,4.0
8fa2ee2e5f67ac8272c55220d21311a9,1194605,3.0
09ec99b3fa1c99a1728825362c85a06d,561124,2.0
7e78b8cabbd9ad0b8e522a4e4211dceb,63137,4.0
83299fe7dc091586cce1d9644c8af41b,27837695,5.0
47dd7916325f180663825361079163aa,16129554,0.0
01baaaa402641ffac8b04d178b59131c,2213661,3.0
4a0eb862a949d78fbab5ae6bb25a5b05,30264372,5.0
60ba13d8c742b84b2ec2445d9e04afe6,25802043,4.0
44a78aaac0fbcd6409095cf3321ed9a7,12747925,5.0
6a093df3e0c844fd1125b2cea5e4e3f8,11012755,3.0
8444ed5f25c636065370da187e76f8e5,77661,5.0
d5e1083651c1aa72e2066a70613afe10,2927461,5.0
e00d78ab654a406f5f3753fff030b3fc,2118745,1.0
25363ca092d4c03471a2cf3ea7c8bc4f,36278443,5.0
db7260fa19076a843680025dbf84af24,6482837,3.0
62c081c5d12f586d7c9c693f3502406f,24453082,5.0
c4f655f2ed79599a9259d7762313f3f3,8667848,4.0
5e2c7c8185d6a88ed1df9efb796448af,17696726,4.0
e44064f3fc12b49147d7c380e75fe458,28219649,5.0
96a053cc165c90d039d04158b8c1ff04,472441,4.0
3468bede7b4584040477d5f7f11c786b,15818107,5.0
75632d8a881b589e8776fb0bc11bd3df,41707,3.0
b1437eeed26610697d618ead44114b73,25614298,3.0
edb49577a79d0cc0e5d79328fd4a93d3,15818107,4.0
c3bcbd0160980eca317802ad562a58a1,36161,3.0
592587935ab28d994f4608eae2117a5e,48002,5.0
00db951bd17b9318e80f08c49e83d249,103983,4.0
3de44075989cff45c47cc8b0d3bc606e,6949239,2.0
dc61b93fb31380e653511bdc8d06a9eb,224786,2.0
b059ab80998fdc3b210362157850b39c,13610768,2.0
c0816429c04267013da7985e721812e8,32735394,2.0
f3f06910f44e5fa4251f13db7b24b67e,29396,4.0
bc9a3f28b5c09dc53ced4f2922136e30,285207,5.0
b5503f2b9df8b57c667743e256caa3c8,17560674,5.0
d029dc3d13a17f66da3eda6454afd5d6,6954750,4.0
4cbecbc15af3db041a8e0f594c642bb5,25458831,3.0
9cf8a6ad1043a8b105b04dcd41707243,29866398,4.0
fd4814a0139a43794d9652b409bcfc62,29972731,3.0
7b2b826ebe46a54ec20bee8d1965acff,26083858,4.0
6b0720aca997d52d3ab6c1569a075f44,18243561,5.0
43e04a28a53698c4cff3def89541b716,860559,5.0
89d1cd5eac0261530cfecb492428e2ef,118944,5.0
685888e3d8f55fdd95328b80fcec5bd5,18170143,4.0
2114b5aa49cab44396a8458b6333d6f5,8709526,5.0
d6194d2720cb74a6d1d0c727dbc3b4de,18926659,5.0
6201c7508dd9cb2033f7c9e4062a2db3,17564659,4.0
9d4282522ebbcb9264016ae499227c7c,17934833,5.0
df814c1511291ce1f0d47c5872e2beb8,17213020,4.0
0dca3d40440078319639dfda884655dd,7295311,2.0
44c818a97d0a2a49959199d73eed90c8,8590744,4.0
6aadd7b7f60e8f1a8738590ecc3051e4,113310,3.0
3b03b0e3350e312351cb0c5e7899a1f0,2477134,4.0
dea045d73d8f99ce94b9a553db883adc,315425,4.0
8f08531f67d2d09389d8f6f1b93fb0d9,19028186,5.0
bf5d10bd73fb8cc9a57d510308824529,13045593,2.0
806c0fdc5bed9757ed4d3ca8e3a13be5,30343,4.0
26d5737b1eaff71248069cde4f590338,5940836,4.0
4add8c6a4c47e3eeebf93bfba72848b3,7814774,3.0
cec77035cef250b558adb6cc3a46c6e9,10423138,3.0
e57d63c93e864b5fb1fb03b2be2e0e47,118944,4.0
a40256a01adc8c8e83eb54f80a773224,6658659,4.0
228d5851ff8ee010d64d93a0a36c8d7c,92758,4.0
66f6205af8610e3d807847cf01091ea0,298230,5.0
d187279914948d6ff16e4ca91b3e09f3,437965,5.0
3849669fd216754e2d97717c7a03d027,155206,3.0
4b5b253d83436ba1b684591e4cda5dfa,59716,5.0
24b358882aa7425f300c80d4ea059c9d,28921,4.0
a2daf6b36a5568f605b1ae667736a116,16099159,4.0
2962b3189596f537bd9736079e3ae94a,26031261,3.0
410e2d7f3923cb03a907cb7497685877,12988478,4.0
cfe555a432e1e9d63874c7f0535b2a73,23598256,5.0
3a1ae8906666f7481eebad345840e9a4,11588,5.0
121a631beecee66bf9f0760a2c3e3565,35404552,4.0
d2bb3aaa4e7d81943c2dc3067f628508,21856146,4.0
459a6c4decf925aedd08e45045c0d8c6,1985344,4.0
b11fb9f8b16ed8c8021fcc2a193a6016,27793667,0.0
557c26242f33b845df74a577340c0428,761381,2.0
dd2464417882c7d02a730e9371f65dac,77295,4.0
29b4779c050ef2f4e26144435feb739a,27384591,5.0
08c297f7af7f6c861e1dc271dc4ae2b0,8692416,3.0
074956a50d34e65218dade155c504ff2,33100290,5.0
22e5cb4a3e551bde571df26f19ab28d3,18296751,2.0
530f357b2f2f1f4795ea1b9a470de73e,6482837,5.0
ddaa59692c9493e37ade1fd213b9c71d,20940832,5.0
b030887c487c9e5a97da86464dace6e5,22477297,4.0
f107b3a28e58296a71f0941d8a3ddfb5,494602,3.0
7d853c8048e6af0e4b96c0be39f17b62,17902048,4.0
ec4f7571814dcc1cdae2290c44b69cdc,76353,2.0
b078144957a1669343ba70f5b18a74da,2248573,4.0
ae6656a48a9cb77c2c388eec964754b8,22718592,5.0
c2d3f980ed9c015b6175f8f8b4a5795e,347852,5.0
7c641d8ca0c8b49a2a2bc8a594943898,404864,4.0
efd75e0ba7ef010c3be6bacd46d9dc64,23518316,5.0
f6dba3d3113eb51e3ec1b76bf79c2257,15873053,4.0
6db068b66346b598171aadb55760f1d8,6482837,4.0
240c50716a881e809a28c69b19331de7,6135171,5.0
ebdfe4e70b10ad125712efea4b92ca24,15818107,2.0
daf14ec910cc5f2f7c1abb6f5154c073,20686751,3.0
9609c3f97cb99128be1cd442b6bca3a9,18761644,3.0
4cbecbc15af3db041a8e0f594c642bb5,18373319,4.0
3d6d3316851130293d304d16be2ad5d3,602684,5.0
4e6cc51cf228f91d8f1eca4c77d07308,11857408,5.0
55580ce7150333a5eb60065feded3f2b,8882815,2.0
9cf35d6cdeaa7646e43f294d941e0ad1,22148812,3.0
32a716165d9948514b7a68021177b267,13997,4.0
60f823c87fef8b8b87d37ca33d0306d4,33961568,0.0
c6e93c5ae762219a09b7e9e1dcbabf38,7947636,5.0
c40b1ec1c145b9c842da8ecd13e8f531,13486632,3.0
e7934c2bbaf716aaac88ad38b100406e,762064,5.0
1baf949b838b519979feb23e5f7e8aae,6482837,3.0
93c4fee8a8651618b95806c159b85b04,20026466,4.0
a14474e489793438b6c64cb51cb96917,11275,4.0
fa47465e753f187361ef6f462b5b020b,609364,0.0
cfb3c559e9cdfa334a15c045fd12d00d,370789,5.0
ef040da16961d4ac673d1a3d8490e9f0,10890808,2.0
1fe050e56fbc238590d4e6ea4069126f,19288239,5.0
6842d2d5b5be8a1e1b1b60c0c778499d,2708999,5.0
d52042c3a9fe332c3acc9c5fa810c490,361081,4.0
8273fc29780c84559cbd533fc969c0a6,18263469,5.0
82542f712eceaf5a9f6252e3ca09686d,11044200,0.0
f6dba3d3113eb51e3ec1b76bf79c2257,17566113,5.0
84333f5def09812528f3bf1ed941f1a6,4447622,4.0
1c7b6431638e36fe65b24422c303a672,175251,4.0
471aac895822226dfc78bb42171ab74f,21685,5.0
f33ce016bf3e05444189e5a5d92b6846,13543580,5.0
58475ba12bb4231aa78a808714f6650a,6434264,4.0
f1ef8e375f9be10ab527acba11bba557,1071182,4.0
d1b302b04e4f6f680e87da08ae7205cf,22082082,3.0
9b0ab7c9fdad48a8aa08508ea9d597ba,12542167,3.0
1826981ccee86cdf1d92d70ed33820ae,84146,2.0
97125b67d9d747a70d0ccd8a1ee92939,2369839,4.0
db8cce925ef72705be29e36cd3fc91d8,8843801,5.0
c5feeba5b088cbc6a25b1a51c3cc68a1,14571182,3.0
6d9b6287fb3c1083eb16ece8771824bb,11273356,5.0
d4182e6294b2241747c95cb1b562a3cf,5941033,5.0
5e9856d8d0ff2ba114970ff32651c235,1118668,5.0
f6d28a88c8063f212ceb4eca3549758d,8534532,3.0
b61373bab8ed9f984d404ba8127c1f5e,673908,5.0
ee5959a0641741b2a975eab7f863d3d8,22041236,4.0
d73a295cb3ff325301e4477db10d1b12,6609765,5.0
1e665751171140504fe141bc0b32d561,24019187,4.0
afe5ebe2ceaee5bccc3bf7f41b8e9ec1,17560674,4.0
8881f5f9cf8d110494c78521178041fc,445658,3.0
1ac4d11f7fc4f9366b20e54436b91c94,13486632,1.0
92f372011b5a943935e3a3b71d0a5a12,2336,3.0
7ec1c0c9bc72da987f806d39ae103756,4855184,4.0
36a97ed9d18b56d2b1a6fe0e3c115e06,11394468,5.0
ddb35fd0fbb0b71f2fa56d1e26633e8f,6294228,4.0
78eb411d9abdfe05780b6d7183361118,30933,5.0
1f8ce354b4a86d8c13f93eeaa949052f,228580,4.0
d8de0ba47ed3954495ed79c0481c796f,101299,4.0
2b0b9d342a62aad5cd60e5d765fdf231,3591262,4.0
ad08000cb64a368fcaf04fc4cf0be14f,8691844,3.0
1c273b24a02769e228c09f4f9d6dd63b,32327494,3.0
27f2af99d6165c0fa56db07f72c686fe,1295,1.0
97e096205846f658d77485a8884d9d09,64251,5.0
d03e84f1322480a78ab74166166c51b8,588234,5.0
eda4d15df0914d4ef2d6d711acf6654e,35829336,0.0
20e9c71ce1dc5dd533b97d62e4db09ba,715433,4.0
7e19def58ef7ef230ccbba1440cf2ddf,21469068,3.0
fc61256005656a4cd583162522f7c374,24865,3.0
e30e535c73fe914a5c95764c53841fe4,18293427,4.0
db7cabdd2645d09ea9f958f102c1d90b,30827786,3.0
fc433ef79d2d37c5f827f2d84ca0880a,6584188,2.0
56be5882a157a01e063c4673b7dc501c,13482355,4.0
c1e037264837626d848120c5bbc2224e,12127750,4.0
085db8ae3eb0e2bfceab1f43bcda7d08,6317675,4.0
8842281e1d1347389f2ab93d60773d4d,347610,4.0
4d461e1102e612178fcd766f92d771ff,68427,0.0
dff447ef9117c4ea26e859a42be4be59,11149,4.0
aa3a856f07c670c235aa0a8ec66ea6d9,18293427,5.0
d165f9cbc73d160ea7fc746b2855d223,11275,5.0
42029c2ea602ceb0d7f3c02a21414451,1232,4.0
0ea02e4e297e0eb1710f585154219e60,18170539,3.0
b46cbc67d0c1e580d0169bdeb5eb54c3,35805,2.0
f4aa321ee8ec316b4b61612ebf5803c9,77394,4.0
f9efa5dc6f00b68ccf978dff7a910a3a,21853628,3.0
8a1963f23e8b683f67fbf1b2f8eb153c,13147460,4.0
691cb918ff3bf90d7aef659d0cfbf241,2213661,4.0
cec77035cef250b558adb6cc3a46c6e9,23399222,4.0
e691e1662977e1092f49e2d7368abe29,6950451,4.0
8cc0ec7895ae135848aa8c8631196532,24750688,5.0
801f5f4ba2c7023240c32ed80ab1bca2,16909152,4.0
1a4eeeddcf390be6d3820fde01986abf,24796279,3.0
22be3a7fcd402fa57d2508be3693c74b,17572903,3.0
5770df68d57f98cac0a25d7c2627f82c,24806344,3.0
53ea4d8a548066a0f8226a568ab4c221,531350,5.0
71d937698f4352bac76146b619abc3af,179512,5.0
d5ec30632aa29f16081586c2b3396395,11263180,4.0
fa15262be0513366afe595afb168db28,15998761,5.0
a5173d59b825fd771f56a2aa460f3b9a,54984,4.0
bdb7fe54acffaff503d772dcdb546ea5,390255,3.0
3336ba1426031cdc81bc38a6008d9e54,22888874,4.0
16cd342128d4d6f70c6f3d9b94d9f20e,25744928,5.0
16406f9ee3a7a32b47f1412cca12212c,3284192,5.0
13cdbb3e4e191af8f7205c5aa8043192,15779584,2.0
0c1b8e70c253be5d317e261b4aa6f96d,843633,3.0
4ef5b6d9b0b593523900c63885fe86b6,281235,5.0
b479178496e5c80f194a2f7ee7c6aa68,5060378,3.0
8a98ed353766ddc2af429b1a82df57f4,9951003,4.0
8248746001da1ad57d3a28b3c161fccb,14976,5.0
20b0c6c3687c106dbafb121974393b43,18888452,5.0
83c867e90e82a9a13bd6757cb37c7277,18693716,4.0
44c4de330cbca7b0f6a3b669106eb708,17572903,5.0
9aaac43abf87dbb2d354bbdc280c397d,107702,4.0
1a394d11a54c14974adcd56ac87bb924,34020187,5.0
c0d62a1d66649a61ffa302f8baf16d05,10433007,4.0
43a9ea2d8984770d900443455fe6d3b6,395962,5.0
5d0b5ba7a2d78d91530d251c65bd90d7,12024009,3.0
c769ccb917fe2dc2940d6fb8a5a9a742,8667848,3.0
7900f724cfed0c9905927726f5bfdd0a,6720204,5.0
b551c5c8fd5e9f3d5a6b52b7f374aea5,6218440,0.0
01c1a668f121da0538a2e8bd6776e72e,303455,4.0
08298f78e12c33523b5f07b2183ed8ba,9541862,5.0
59dee447196fb2000ecde624af256812,24189224,4.0
c2bb9682da215dad8923a0c857daec36,22477297,3.0
ab42cc8dc992bbc7e56ff433ac0fc7f1,151370,5.0
203d2a5da9cc396875461e9ea4938b01,13312527,4.0
52e0cdf0dad769fd9889d523cbfbf06b,12568505,5.0
02e703b69a4e74644650946daddbae11,12987640,4.0
22be3a7fcd402fa57d2508be3693c74b,8537327,4.0
892babe51e7e1ab50baa905eb29267ce,30797584,4.0
1cb5deb06e627fbac86e1979a23b2ad2,28214365,1.0
912feb2a260622558e4c5857ff045cf4,16194879,5.0
8cdda62099c3a1871d6cb54f84fc6727,18743293,3.0
adcf5264c20c563780eaa7bac8b5af1b,172467,5.0
c3cebe0b5f14b35fee5b71bfffe440fe,872318,2.0
c1b0edba3299ae1c3fed6d671f9894c9,5310515,5.0
9c5254aba547b7df5339a9dbc236a834,28217802,3.0
918542ef4d9c1d480ab91051f330add9,7178,3.0
279b3d9c7dcb5de9f5edfee6b819a0a0,7775838,2.0
72bf869ba7d9ffbe71c9578913557fa8,480042,4.0
b2fea77b4b404bffeb6eb36386dde8a3,35190834,5.0
952b16ad598afd8beeadaa3af36405d2,23735606,5.0
c84807d576e92c3746180ec064fbd440,6972157,3.0
31d0ad86fc0f575a296e153ac57ed0e8,16401102,4.0
592111d89282f9767e6220fe99dee235,33295870,4.0
dbde05e1d816950ac64e1332a5ad1f16,2871746,5.0
018ca7f2d66e0adf31568c1f36904dac,19445327,5.0
d1e368a7d2870eb6fbf6e0d350568a2d,22635853,4.0
ba24d8737db17ce52c24714d8ae50315,13520189,3.0
e9a79030e1db85148974105b0969e163,77346,3.0
a7d8f3f25ce0290ae7f87f99ecb20c56,20983760,4.0
5ade3182b139cff4ae95d9e6f0db60fc,15811496,4.0
47046afdd97b29bed127e92f7cd980e7,9917957,4.0
02ecfaa743ad344485f42f14167a5537,16160523,4.0
279b3d9c7dcb5de9f5edfee6b819a0a0,1044746,4.0
4d22b9903490ae61b66426a82342a977,22716447,5.0
56281638d9a1c9ad35c2e9543e803174,27071490,5.0
51386498dcf47d2b7cf996e4a256e23a,15732712,5.0
b62e7452ce0cebbd1cfed2fe5b6852a5,6525666,0.0
c2285649fda4d114523e80d4095c0622,18404248,4.0
e74b077624fe691e1f133d6f65e25914,7438590,5.0
5e37533366e6ff90cd2b321245e5c2eb,25396316,5.0
1c273b24a02769e228c09f4f9d6dd63b,17855160,3.0
1f06bb175274d495e3e135c8df0d4b3b,21325,4.0
d54d22b5d17eb06427d229bb0ead57fa,74346,5.0
0ef32090550901ead25cb0ea21c4d36b,952048,2.0
5754af86b974b3c060666be009f28d93,6482837,4.0
9a569d5d9e37d7451d660426296d48a2,20618864,5.0
3b08de7fa9b6d6aecbfe126f6541385f,6328136,5.0
aafdc35a9855f24ca2116b0d4546db80,18809475,4.0
76314339770eee70d7aafecf5ac7e5aa,23528197,2.0
a1448be8b5585419b82f9bc855ee0cba,26594443,5.0
58475ba12bb4231aa78a808714f6650a,11978369,2.0
dd5e9fe86b28f1a873cc4c2960d848db,16068905,2.0
bae5b0a2c5f58c1008dc153f4ef4cc64,18693655,3.0
63eb5a9ea6fbce905e96dadf97e60c93,18743370,4.0
fae5119b1177246f4f5fef9ca0c8fcc6,13628209,1.0
0bc312e7d49c42f70ef07629697b7075,101299,2.0
06e1a327fd336d7eee74aa62f1275386,20663691,4.0
782b10e8bbfa0e677e80210326c54d66,891997,1.0
e5a1fb231f0317d67115bb1c450eb59f,16280051,4.0
b9f816af132f980bfe316587a65bc105,11857408,4.0
9dbfc8969c009aadb409a1f6bb4c2468,6482837,3.0
c9847cebc5a38b4fd29eef9c2a944674,4724144,5.0
6e14b74c93b1701bb6ba52f5688c603e,7686667,2.0
f5be702495e5385d07df3b0e00787092,169872,3.0
6273fc81f7f9dff293112e0f8a126955,22698568,5.0
d453cc08754f27849c55e5b5572969d5,15818107,5.0
da96a0a314afa90166f3cff8cb7573db,26310515,1.0
1cc2e667b3d672664a5c72b04903e6c2,8667848,5.0
9adf5413d7cc99ce8c7723b4f1b1e4aa,35434213,5.0
0d688fe079530ee1fe6fa85eab10ec5c,27224488,4.0
0bbf628a7b8d7a0899673d069e0f96e3,13425735,0.0
ff6d428e075e07702736c9d047b2c046,22718690,0.0
2b973eb85542bd966cfda1d570aecb8e,79550,4.0
74a7b6ee80da03270d14243f76811471,11290495,3.0
8c1030f9e76a4c435267d69fca66fc3f,13628209,3.0
2a2a6617b497d1e70bb1fb6f61ba1673,19288239,3.0
1e0f101516c3a4317fcad8d9fe9a0585,6769025,4.0
678c8da0ab8f8c1421a229c4eb990a25,28076369,4.0
025289d6adae6d2c288791b64c6cb6bd,15749186,5.0
e075e59e50d8549f5851062de746c07e,5060378,5.0
6aa245cfbd45aeb4d0347d0b35439e5d,23200073,0.0
488ad19e14f49c880a45f19eb8f0600c,14849075,5.0
48aa9e2dc5f1b3dda5f88a089d5b2774,894352,3.0
1c661210393fc78b46ab9fd3554afa1c,21279,4.0
f9d166ab9038f2ea54dff7c639cc7cd2,186757,3.0
ccc8699ad7eb2b03992b43415ea3edbe,532854,5.0
78fba9077a1c86344ff97d2941188c51,8559047,4.0
f79984a9599597563d1f5ad9290f0a19,22710376,4.0
50b307057c14dc417f45d603deb9ee43,467100,3.0
1c9062def5d322838ac3503d499023cd,23766634,5.0
4d8e0a26887c235219c955b06848e78f,9682102,0.0
3c5cfdaa89a486bb3659bcbe035bad87,3776298,2.0
e3a07059a07dca935ac2b7254c573124,12928117,5.0
d50cc81fd346a68290bfcca986d08ec6,10112885,3.0
fbe9fbeb5a75db894bd6c73d7a9e35f4,2112971,4.0
c453972872c56faf06d6b372eb46f6e9,28449257,4.0
cd3d26d0f07433c7bb38af11538643c9,17319335,4.0
b7e45fc39326c2418df8e3301c25b8ad,29236299,5.0
2f47b1e2eda9eaea1979d15554f14873,8573642,5.0
e073ebd9aa8acdaeceec44a3242f2e4f,7756459,3.0
c3b505483795a2f5a8dd347f436ae480,8182682,3.0
9d37fc439f8e2419c5fe7e362ce3caaf,6723333,4.0
a0ae3f368238d27f577844589cad7baf,17343236,3.0
dd9c45601d9537d57f918c6288957cf6,17415470,2.0
4e8d001d6e4c81953e361303860113cd,34020270,5.0
17deb25686b888de5354385f9256944f,168243,2.0
fcf1211ce2e3b1dcd24004b7073e23eb,7775927,3.0
7e3843e7fca7d8c2080cf01fdca92cd7,101299,3.0
7467b2819f0cf86adf9e1c1b617344ee,8709526,5.0
7c92a9ae2fccdca56afa45e7a8340acb,6609765,5.0
2311dbb1cfa82da511b3b093045a810a,11028964,5.0
5415ed0de3ebe3ee1527247626c1fba9,18464441,4.0
396f57a88210c70153689cdca0f4c6f8,23299512,3.0
582cd9ff9415cdd7cbfe9977630a8c42,11381643,2.0
d0a30fc6ae752fa702ca9df80d2714a4,18404248,4.0
6812352d29889525f93b4bd25430307e,30933,4.0
1a394d11a54c14974adcd56ac87bb924,23411607,5.0
7f9c856e8a2bce431f9b81a00a75505a,13642929,5.0
3b115787bb248d8b0eb47e01f89b080f,25228579,1.0
913d361e0c1e2d5bf6dc64991e9f99aa,6584188,0.0
6be84d830646505667c5fa0362342e6d,25667449,5.0
6493a0cd5cc8663cc46015a33cb03f8b,94803,5.0
9273a906e4b1e145fe0a8b8ac3f22c75,168668,3.0
1e90f1366592d44ea4ea69f5527aab2c,21327,2.0
2212930580f30fa555b181051d5a448a,27970416,5.0
6caddfb20d668367901e4ffbfaea69bf,159501,3.0
1acd81d8e959f6e23712c9a236ca01d7,16117707,4.0
d02c2b7bebf2c99f0f16d365425575c9,68427,5.0
c8689f675474677481a9f9cb1b12961c,16068905,3.0
b02807c4b618aef626a39e4a486cd05a,11025015,4.0
98852fac3f9d654e7645440eaedf6cff,67377,5.0
489e1a17b211a08e047fc029107baa33,17930773,4.0
43737b21fa4d470b247aea51f0c8b328,16085481,4.0
0ea38d8e2577cba62b35d3c3a2b7adeb,28120515,5.0
a7052925d4facbb04469a318524f4ff5,376915,4.0
76f18fc718dc6afe2bcfee8bf3a11b4a,28243032,4.0
3c0ee6ac37bc963d8f9659695b3ee01f,32610748,5.0
11b4c57229056d87f3f489322f499fa5,13312527,5.0
96d840354d21eb81a7b759b0b34eebca,22848621,4.0
4830118997ddeef34bfc17a895d729db,18688131,5.0
dfc3afffbb9dde561041fb2bd82cfd6f,18170143,3.0
27116cc3f033f6768cc7f4ec848acf02,20517739,3.0
98426aeb976cb6de5a69e0db8af02740,32918684,5.0
2962b3189596f537bd9736079e3ae94a,27067876,3.0
d7c5c0b3c00916a542a9346f84aba18d,2292384,4.0
7f6ef8a995750b098e06d20bf747ce99,16252896,5.0
446728d221c1343b92e1e4ff5545a843,1118668,5.0
d2bb3aaa4e7d81943c2dc3067f628508,20564453,3.0
d08e509558b54bcdb775f23a71580977,351017,3.0
b478cb31600da001f3acdedbb197e2b2,26309252,3.0
e8e5f0ee1f8d5eddd49af929aa4eea46,23200073,5.0
a71d0f3650eb72256b3b33aeb4c7948e,24763621,5.0
478f3accbbb16d817fd90732215b6391,106,3.0
ce793e1e6bdeb7eb5ed7baca6088b6d6,9915,0.0
79423049f862e94f1022f736a3c22cc1,2213661,5.0
19c3e4163c81a378fad16f5f261f9cf6,15779584,5.0
c6da1c96ff74bbbf23875b9a2518801a,34327311,4.0
ce986e1c2306bf6a524de8c9d8055556,8709528,5.0
40e54b328e8c4b5b5264e270cec01c34,23163554,4.0
552ee74ec3cb7014263b44334c34f748,26632479,4.0
5fb013548e302ac689395039a1a532e6,12885,4.0
166492c0e6243a0974a5c3ed98f85bca,1580910,3.0
b0ed09d14a462cb2d27327b87edf6f68,52415,4.0
fb96ce49ac7a081646f00d940d8052c9,6660747,5.0
228d5851ff8ee010d64d93a0a36c8d7c,831578,4.0
fcf087290b8c3f96a442f858809bf6ef,14288579,2.0
9d0f3fc4ebf7fe251c2476ca27b9c3a6,2213661,4.0
aaa295288bf66b6792b1c19048848a9f,24611529,0.0
f966bfff46cbf1c5a65b629ee98fb54a,20959438,4.0
744af66ad6c28f6c67c620e918dd7deb,11785,5.0
6cd5fe98c8b239f303691ed1eeaf42d9,8440099,2.0
2c76e047dec697251509367acece7f31,164718,4.0
9c692e44fab3d5ca585cf282344f18e1,26156811,5.0
e01de88c94d4eac61551c91fe7391800,20172134,4.0
6d331c858c1e7688572df30b2dcee0ee,13001274,5.0
fdc12d21a19b9c69b479a2b62cd6fa53,6138,4.0
3b03b0e3350e312351cb0c5e7899a1f0,2455830,4.0
4cb9ce92c64d1785caf972f6ae95507c,5452,3.0
c8c04f0d14b8a9c482b8d979a41f963d,398916,4.0
4066e17f93d561fba653a6a083d39291,22501055,3.0
b42e68b3635a698688760f8ddef15e99,34541,5.0
1de96145769ccdd2e9edfc83bb73eeb6,15758764,3.0
2eae92897e69ebf5c7b6ddd602739115,11857408,5.0
df85902fcae39b4cf5833144a595c69f,20949426,4.0
1d945500234cbc7a6138a4d017dbfe4b,13084667,4.0
40e733628e6299902ae095d25d02f3cf,17679545,1.0
16916f65f12c79bbf73a0bde6983e2e0,28214365,5.0
04380ba2d17d0f84c88af2cab5a34118,6439287,5.0
3ee7ce114809e4347b8157b3fb894a56,23264671,5.0
3defe445e1458760348741515e90dbdc,16100904,5.0
410b9bb98382c6bb3b98bef40bf1540c,19490,1.0
f296d0224c4fb79ec996470505c36afb,12252841,4.0
0b34a9a8c0c22b74ec41fa00877d1cd8,375955,2.0
6edf0f84ba8bfc1a30342cecc4bc2695,13538054,3.0
405965e995cf54fa346c40f611148e7c,1045938,3.0
7a1e707ba9b5db71d282e53dc1f6af50,3987364,2.0
5bd46795dbaf0a13ed7a1f8fb9b4f086,5060378,4.0
ef0a2d93c4ef409be79fd4a141f0f098,6482837,4.0
6d8b59def4a5414dc085d75a5adf2969,5333013,4.0
06c95083fdea674b618e66a8f98842fc,24453082,4.0
1c3bf42f08f7545edc7f22f197b369b9,803440,4.0
3519beb3f46f463283ccf9bdbe1622df,705067,3.0
83a788460b76a8d0c8683c3c785a62e0,17912521,4.0
3c0bd9a84e726f24f41e1e55c9b674d5,27824826,4.0
c25ee1013a7fa9f1b06f4e744a9cdcd9,18518523,5.0
50fb6a691befc17e8207bd739ceea4d2,17560674,5.0
39bed140497774273ecb3f4a27d51052,11175728,3.0
8495c4332e4df6496002107707f960d1,5060378,4.0
b4a2799ce74c34d1d63464682d4bb4eb,24453082,4.0
ada7adf3273cb3fd7c1eafc4475b139f,4137,4.0
aea3bf066b3b3e797de8b2000b03b56c,28516800,3.0
66a93fab93aa0d1c64692ba0eebbbc4c,9486620,3.0
330d5e764ea628140a368502f7d342f1,6333,4.0
1d987c1bac8740c8f9c32f3e46ce44b5,9923372,4.0
89f5d2c130d4fa778e3e5c6b8b153aee,32111,2.0
e70a9ba82ac862e9d62b2c9d098dd57d,6437061,4.0
0ed6e5b5cd923c666705e977521e0c3e,22850915,5.0
41a5a4b006b86d846a5d8995f9dd9adc,35649302,5.0
82d6eb24ac56b08bcdfee871ec9586b9,11761452,1.0
c9f386083b7cea5813be1036fc25543e,28240855,5.0
fd4121f3d471ef5592909509635b5fff,9108122,5.0
8e8d8189ae5f8634c0cb56e363a8a359,20945288,4.0
0feb3e71727ff9acb13385e123e8b89a,37860,5.0
f830328f09c594b3fd35aecea92a93d0,285207,5.0
3365949e26e530410d21ae86528cfa0a,16221851,2.0
e431f87c98a780c50f072a3e270c5851,17902155,4.0
a752d842d747900f64c2f1fd5d4aed14,11861062,3.0
754611f0b1d6da05e312c96ff30c188e,154796,4.0
d9499ebc549385ec2c396d6cc46ad026,17910360,4.0
4b0a43a7458dd99fccf5d8bdab5c50cb,14064,4.0
839a72ef4e977697471c6c5433f00d6c,25817466,4.0
16ec0e635ac40039f4be7d13445342ac,10844125,2.0
12940227f9f68e7bfba488770cb5d510,27067876,4.0
3036b58cf6bd05405c61411779bfcc0c,39793,2.0
eaefd6198f657b467c7e9b3ef4af6dd2,17909613,4.0
76f8b817e77e21cd1c3539a8a0f6772c,12970691,4.0
353998fa9e31cb6feb0a7b15a23a2605,17668078,4.0
414d7ea1693ad9479b30c7c987a5f66b,10538,2.0
d05e8e8958573fb5f1243fcdb6435c8f,4355529,3.0
39888dc9fb3765f89c81e839abf889a8,15721334,4.0
3d0aafa613645cda967307d6360a8a30,7779,5.0
bd9eac0385fa714845f5b883d7321db8,13486632,3.0
7c4f8a61c1fcca0da8fea51c22d29704,3513939,3.0
c616bb2836e07560645b34e580697e37,6950451,2.0
a0deaae9cf73c2ac399ae3d29d5fb995,232576,4.0
b2341dc0e87f50b28a40389d33080cc5,20625032,2.0
06d9591e9c715c4adc4153d2cd83673a,18393609,4.0
c28eb453b26f87ed0f24ae9a307e2bec,6184297,4.0
e16498f5f6c89d88a3c934168b0ec778,20482920,5.0
3b03b0e3350e312351cb0c5e7899a1f0,10328164,4.0
d054f966e5d07353727c562060119abc,22522029,4.0
4e13dc4f96ea26ac9be9efc39613ac47,17934416,4.0
cfab8d8b8dec25ae9cc449fda9823a95,13415039,4.0
459a6c4decf925aedd08e45045c0d8c6,6713135,4.0
49cfc5ec10d9c43e27bc9f9e5035fceb,6218281,5.0
a78d3997f4dbe5b150da86a254938693,9998827,0.0
76b553ca92a2e409be3779f0713a3b3a,21423622,4.0
3aae5e6b52546bf5ddef5cb26a6b83fc,29718,5.0
41945ea88c4fd3977eb85f7932c455fa,60931,5.0
0445b5b859c223045c50b2136111fa69,33546007,5.0
c5c713e338b4ff5c7170e636575ec0d1,20802812,5.0
1828bff893d3c8341c6e6f3a917e347a,5983365,5.0
9b38ea635653ec93ab5402b43ca6764a,5968529,5.0
4708d71de2f8afe1064a703312b022b5,148283,1.0
c79751987c7f758a5ec33a9fdea8d8d3,16068905,5.0
b4a9b4d82930612ec61ddca0c526daaf,21469068,4.0
8ecbbc3dd8dff6fc8ee7a771f4e4938a,25614994,4.0
4b5ab7690e8ea26aecc40dfdd4d88813,5060378,4.0
9b0d97d1dce641f5df0dd318b6f3a584,24996148,4.0
936abace125cf4f4264eecc3368a7c6b,9854,3.0
7e65bba3ab4c42813a07553c22b87f1f,5890,3.0
6a56a315fe0f4b0ffd9401a7fbf5345f,11204517,3.0
b85e8348c1e1f6ed6ae8e76bb6de7f15,168668,2.0
b902989bab6bdaf75bff2c6d5648b2e7,8667848,3.0
08388a06dec351cb84ac3c72ac432132,2547263,4.0
65f8c6f6205c5c4c20f79ba89d69c537,21965107,5.0
a262385eac8270e461501bbbe7bffe7d,24019187,5.0
47613d4c79ce12ebd4740ada18ff16c1,27071490,4.0
3f35f6a56868e0c1e1659a7547d932b5,2023010,4.0
dc7c09d8be33c32e1243582abfa5d99f,17707706,3.0
4125a976c5a78df567a5410b769802c4,25502456,5.0
4d5323f9e01b3b8cf5dc5a1d1b7340e8,7669,5.0
ed17186501e1e875441206bf5ca0d3ae,23492593,5.0
b7055b4ba144e140f79e747eab513b04,31573381,5.0
cfad07bb8e7684ae9a5840825541dee1,16171291,2.0
bdb7fe54acffaff503d772dcdb546ea5,17373099,5.0
d2bed9728a0556e14bfc04943f0296a5,16068905,5.0
a5801c61081a56758bf8338e05e22675,133489,4.0
74412fdd396cc2aae45ff357bb86d097,62530,3.0
46e23d760843b8c9a4108a55cd92413d,319300,3.0
1a24bac964b67d5afe7175b79573d1a6,18775359,4.0
bbbdf9c80a7a703f740c20a366466b94,285205,5.0
b2a5a4bdc1e226b1a458c25050becadf,29236299,5.0
64e26cff2738c141ebb2c5cf059cf71d,6437061,5.0
a85854e88edc41e1c83490ba48432c4c,26176424,4.0
9ff15680dd102e44bf798e405fb36b34,22698568,3.0
adc87c145b456ea679caee3c6d3ada3c,682793,5.0
fe6949991716f7beb87df347e08903a6,8650,3.0
0abbdc6dd66cbe4e52e9123f58a86e6e,2248573,4.0
d0a30fc6ae752fa702ca9df80d2714a4,7882231,4.0
ba3b666eb875485f5479cc88c9f714d3,27083865,4.0
11c612572bf367355d1bc00bff1b6b21,9685484,5.0
b491c823de139bc3474820d0d689b192,47076,5.0
fa9b3e97b00e4cb21c6d25551d030684,30278,2.0
9041bdd923e2f0344c215acb0a5cd3f1,1138243,4.0
da550f51a524493fc115c66000bea2a5,20748874,4.0
8427deb7a4ded09eaa1af360d4aabd18,17370176,3.0
0d655271b28b6e7f4acf634609415aa8,17829977,5.0
428943d6b277f72ae9b309e7ca52ba49,11770054,4.0
79a6aa1da4114c11927c565263ec1ac1,22698568,5.0
f7129583efd460c14fb7866de716597f,1118668,5.0
a3281360e54d051ad82d2e95a9e26eb2,168668,0.0
464a8b50cabcbcbaa07846b9fd68b11a,9646924,3.0
6e394fa437fde87254f96cdc7897ca59,27335087,5.0
432eb4c9e52ee2f0a965bb9a711c357c,27865152,4.0
547412fb28c4df34e62022b4293bb83c,25980059,4.0
8941ecfceaca8250a43f9ec417051ddc,15732733,5.0
80369ee560bf868312e15cf536e8528f,2213661,4.0
eaae0e9c7573cf82f45a55699a16f221,28114515,3.0
8d2ec3efb2120200f420ea6b5fba559e,18673459,3.0
01ec1a320ffded6b2dd47833f2c8e4fb,25396316,4.0
4fd0ba127fda66a24c72accd331617a2,6482837,2.0
80d08bbb73406e92960804f30a8db770,5060378,5.0
838413bec44f9e517d72240699063adf,7481068,5.0
60dc085f04d6282997797a55f3fbc541,30753988,3.0
f08c211397b8247ff11e7058f209a3ad,15757434,3.0
bdb7fe54acffaff503d772dcdb546ea5,23969626,5.0
467aeb331d77338963a8fdaac579c407,203265,3.0
763855e459b729245cde092c2798f3bc,16068905,4.0
8200791ad07186c9f7016bb92f69511f,6759,5.0
dea603f7b6563ec8e98fab06527c836c,16069511,2.0
2962b3189596f537bd9736079e3ae94a,25194146,3.0
b97974cf4361eabb3745d834f87b8e50,18693716,3.0
68ad570f1c28391c11c33849b372730e,15467,1.0
a91f5855f5185b431bcfb0dea2108912,10379023,1.0
916795e9343e2494dce767b5c08d4766,6065629,4.0
2e5d80178c0ef28c8fc8d3f3739f90e9,6366437,5.0
29341e0bd4baca838dfe515d19317819,16010354,5.0
39297e1601d82ffcd7350df897907051,2762848,3.0
0d958a941e97b81893c56094c025d28b,5551236,4.0
da7a0c5ee0c89973224d8853445be68e,104160,5.0
d340ddd4a5b5e64215dac35487695ac2,11815049,5.0
627adbf352cb712c2c657f02bded9d42,15732761,4.0
d1c5dfb72ce85e5f4155fd147bb6b4e7,12887693,1.0
8941ecfceaca8250a43f9ec417051ddc,36416848,3.0
e4cd1bac828b6d5ca84381b54b91af27,7635629,4.0
66c5cf79205cd32d327bd10213321c31,117801,4.0
e2fee2457b4185ef4820c8bb4aa49915,17907357,4.0
b6289bd65c6f9b3090d0e9df8edd145b,677552,5.0
f129ba01f3a5e813f28ec8b19f3d27e9,28921,3.0
4141d00647931bd14fc4bf46deceab09,25002478,4.0
caee7bd0e3a2fc9e9ce7b021d99c7f9e,28921,5.0
4922591667fd3e8adc0c5e3d42cf557a,10769777,0.0
c2a4c770d2f73524c3a96b6acfbcdc43,5603728,3.0
a32eb4ec861941ba088286812c3bf668,17310559,3.0
b9fe74fcad5f948618e82f04012b0d73,100915,5.0
ff6d428e075e07702736c9d047b2c046,7159267,5.0
592587935ab28d994f4608eae2117a5e,5931169,4.0
6aa245cfbd45aeb4d0347d0b35439e5d,21795442,3.0
05827261cda1a4edcd5a51b6e411816f,18878616,5.0
08e1fead16a3b7a5d016c85f06a572be,17663343,5.0
b80bb1699fffe707c25d24009db1667f,15818107,3.0
dcc8808c1e2cf34144db1f88f940e7e5,13312527,4.0
ed8ecfc63295afb8caa352698a827a7e,43369,5.0
19628e287ef99b67e124784bf5fd76c4,11875713,5.0
4e8d001d6e4c81953e361303860113cd,29969446,4.0
a3c190f556f87a630aed54ba362c88ca,9416,5.0
18ee50445cbff3a198b9bca59ad4a3f9,106042,5.0
7369a8605ab81496b24f287c014d69e3,2213661,4.0
0b2467de5b126a4dc5a2b503887d290a,6080748,5.0
048e8ad7871b15a1e5955b3934764249,298290,4.0
eca8670878830de51100840f7618db92,15818107,3.0
7daf5c59e2b63aa8175bdbc664e7bc1b,22249086,3.0
785d9ac97b87aebef15d20a6e3d11ae9,28474289,5.0
1446b15f77c48010fb1bf9a629298a47,68427,4.0
ee60ae9ed97dc951d72559081d12b82f,5088200,2.0
f9a243c2808bec8b9abfd4322a5e0569,3852853,4.0
47a8c630ef6f765122a759adf2240759,643540,5.0
a04990a9062191f84d05d44581872e86,10844125,5.0
7dd1a59a211471448d8c7845cec5909d,14256,3.0
40e54b328e8c4b5b5264e270cec01c34,20813590,4.0
16ccb6ad28be0a86dcbbe7d624009dc7,32060345,4.0
67ade5971a217d7c5030d6a0074a2ab9,10445417,5.0
dc61b93fb31380e653511bdc8d06a9eb,7265113,5.0
510b63e8bbdf635b13e8932fd67be15a,24453082,3.0
7e966026c9e5a733358d44e3f05b16bf,8709528,4.0
f8a15826772c3ddab3258e82e90b3f7a,1661555,5.0
44fe7997989330c2a5a3d6e31564040b,1483368,5.0
0cc54ff4805596673725c60cbd822b1c,23645343,4.0
a8b645cd4f86e2b7e9773208c619cfee,10112885,4.0
7e4c80a85a6a3a87c9de9fb691a45774,166435,3.0
79dfa0214ea0d53807320ecaffd6f17b,3972,2.0
2add658b09a4321cd9019f3c8ca12e29,26125281,3.0
3eb8644941c022f45893e46be4dc90e9,320196,3.0
f9a0818918af5b35460d62bcf4c6766e,6316381,4.0
18c51be3f87c3dc2e0671f0414977ab8,18240407,0.0
4eca9eae5344244bb0c82e0c0f88448c,6564365,5.0
6e9f45d7371d54abda6286bb3c2bff34,987507,5.0
86372d33560bb165de1d8bdaf6ae188b,10199908,4.0
439486a53e796ad0a807ab35ed9714ca,15595,4.0
f088cf9fd324c7799f476b83c41bb2a6,4596235,4.0
7538551b6d61bfdc52092cbce6f04c85,19292814,5.0
178c5bb313065ed3628262a7c3125ce2,11490397,5.0
a985e1f4340281138c7806a5e07ad418,19099889,5.0
57e2d4d3f5bb4a4e2ab3433afec719dc,20685048,4.0
0c081cbae3459181cc3a342ba913a5de,24032350,4.0
d332c88a5a8ffe0073449520f87e2da6,11374438,4.0
e1f8890fe64b3067346a99532ec57167,17839529,3.0
cfc95b121872ffcd44dc3c25ceea0059,20427151,3.0
1d61af0cb5e14d6456371e4fc2ea39dc,2507213,4.0
50721596a5a1b945ebc9d805134d9e40,15819200,5.0
cba34a06728e64716776e842cea6fada,25787337,5.0
fb285b8ffd211c5e1b0b02fd3c5c49f9,177250,1.0
2a706c911a9c5a496c25abc875fba659,18761644,0.0
894904b3468afc9c0cafa7d36bff8702,18693716,4.0
73b87cbf4e32491a9367f1636be06268,6482837,4.0
6eb01bccd572fc367405b670c15a4c5c,15895565,5.0
b940a557163eafd080237bd46de0ea60,12325310,5.0
0b62cd57944cf20ad2b13c0a2a9a1e61,6515329,5.0
61689ab0d4eb94d9a53930505d999ae0,19260565,4.0
bbc239f080cfa1f986ab945250a34c08,1232,5.0
f4c6fe33ef61c38f7f4aeb5224c259a5,13628209,4.0
7490abfe7a0c414930b703d065d4e2c9,16207945,4.0
391aeba1b5aa34bde5eb1ae2285a18a2,8667848,4.0
fb8b3888b12da9195ec3049f28d94d83,1721717,4.0
deb461164fcde3e7c2a4f10ed245a821,15765067,4.0
8ee09a159e428a2e1e4deec2905d8cb7,30095501,5.0
c0e2b6bc4f97b7b4aa7aa78ca3b2c4af,1898,4.0
611235707144739cc516388e5b51d8bd,26503,3.0
23c78917622dd10e0214f293bcba85d7,18339743,4.0
6d04d18eb1f3dcf89f1f553381161830,25345044,4.0
da7d57bff83bf16f668b12f1a85b164d,15818107,4.0
407820e9af3fe9c3df8fa134b629aa66,15757434,5.0
c7622628e15b843972267c74ed58836e,338807,4.0
4922591667fd3e8adc0c5e3d42cf557a,18246302,0.0
686b174e58665fe35cd89c64c0607992,196941,3.0
5e572de563ea29faa34893d9b66a071e,11857408,1.0
59151b639f247aa97fffd5c71701db29,9422763,3.0
4e3f0928472f29bc098ea80f48d18330,2213661,4.0
3251dea24f5b2078f97d40102d3fcf45,20942216,4.0
bfa1b6cfb48a63c168068d22aa1ae619,16401232,5.0
14c9f880c8fddef3afc20abd4ad144c1,234184,3.0
21c4dec8a93a20a24ca6868620ee733b,11857408,2.0
198d37b65ef92f865df1b71dc317c22c,11588,4.0
43a0ebac0aa0b66dec10e59050584d55,18998409,5.0
4330d6c021779d4792cb3f0262088818,23491898,3.0
82542f712eceaf5a9f6252e3ca09686d,915900,0.0
eb10ee6777000a28fa6c52d5dd2d1f82,20520365,5.0
aefe566b7b0715a77f19883c060ad241,22692742,4.0
efd63dfecd5d2e2a75edf8e50b82d4a7,2213661,2.0
7f63deefeec24f4f8afb3e0b522057ed,6604887,5.0
25628f2268a792dcc76b264dddce6f71,2170979,1.0
6dfbafec677ad55807eaadd1f5d1b998,6171055,3.0
44ff751c1d06a0e21a575bcdad1a41d2,11588,5.0
865f205f43ddd3ac781fbcde2f0f253b,6797458,4.0
26bdaa12ddfa7284bb265427a9947ae5,15715737,4.0
c6c5bf31eb2082477383409c5725f2de,18077834,4.0
0aa5c6db64ef9f5364b0cf07d7eb3b93,6993647,3.0
5a185746da5d054848cfe7eba9791d51,20644393,4.0
c3118dcd910c73e0a124f1b90254745e,22467281,5.0
d0ec70e718e315796a3ac4c9f93f78e2,6388433,5.0
ad026585ba9b9f70f7220792cf69a4d4,18780674,4.0
8fa2ee2e5f67ac8272c55220d21311a9,10368518,4.0
fd4814a0139a43794d9652b409bcfc62,16221851,2.0
6e57412e1e81befe005baf9e550af1b9,16109563,3.0
dfaa45620d52d60fea4d583c943b5e8c,18293427,5.0
2e61ccb759ba7d0b08636546e7595499,6138,5.0
023639d47a30da1b1891acbeca122c27,580023,1.0
9dd3666abe78dfe019562749de7c3ee9,2213661,4.0
05a17ea5274f8598e8d1f485ed03a90e,33399818,5.0
6be9fa9b8edc7fe28d94b085d01346d3,2957096,3.0
0a57a675894e113b75d7b6d869de9fdf,8282196,4.0
219a432995dacaee1054ce54286dccc7,25065629,5.0
c04eaa18f9279c08d9ff19c381b5ee51,25007704,3.0
149e9c91835cffd38dce2e5cc2300855,6540260,2.0
82c665471a6cda23271b724b876e1ec8,22716447,4.0
81412e86726aa966e3b9e005ba72bb62,602524,4.0
18ee50445cbff3a198b9bca59ad4a3f9,6818659,3.0
3874271113f931303446643260195455,5060378,4.0
f18e9a17737c79e96b197362451c1610,386371,4.0
c72c87f98be781eb3f6dc389fb39e5db,26221409,5.0
691cb918ff3bf90d7aef659d0cfbf241,5890,4.0
d36578661bbd2f50f4c54e647189aaf0,22044546,3.0
cf64a2c8c6302ea9b9781bdf981caf48,12812550,5.0
675a42fc9afdc6a5441d9a37f33f021f,6648578,4.0
36c37e8cf0af67c6a578c5c62b125732,18293427,4.0
eb4bcee28edd95e1482b38ebea2fbe5b,13486632,4.0
b6980a037be4a2b4f639b33eb8ab7a5a,28524313,2.0
e8bfd00d584ca37f6e924505af5a3129,17399160,3.0
313f43da343b16e4a3cf466b0b285648,16234191,4.0
dd44046b05fac10dba120d332554b711,18688131,4.0
369e75b8fff3189f664d14a25fb8bb22,19288239,3.0
4e7376256f9e08270f21befd5e68e6eb,18355419,4.0
81b54e283e597febb4c862acbce3f96e,33975554,3.0
78fba9077a1c86344ff97d2941188c51,13638099,4.0
f260f7719fb61faf44027cf2ba574242,17182970,5.0
97c3010b1fd6409f27ae52eb4d6dc87c,563310,4.0
582b381b8e4804d8f052abb53dae946c,16081789,2.0
c8e4a03b7b8585819ff0928aa223a4c4,6366437,4.0
5926dcddb78d225312952c416f052e12,11857408,4.0
6792b018843768c7e72a7975127289b2,17450579,3.0
d91820618256d2f504086cebe70346ad,5201814,5.0
cd2a8916d1304347b2024834ca354818,6218281,1.0
c5554a55e602c3c8299ea85327fd1943,6811221,4.0
873f794f39e4490562e0e85845e1059e,18080377,4.0
0ed6e5b5cd923c666705e977521e0c3e,23360849,5.0
afe3fd6435c2a72e2ca82223d7aaa3ba,13610768,5.0
47c0e806f10bd2d4f61698a1dbbf7887,16068905,4.0
4f40bf5378b15419c54d27e94be6e77d,191117,3.0
c3f673475559901e5d4b91226e8ffb6a,13588432,5.0
dfe9876a4c30b8e4c6e61abf8ea477fd,1540497,4.0
92e254c37668adc94ef3a2df2162635b,23644329,4.0
273a27fce3953650780a04afbbb6d4f5,30981668,5.0
62d4caeaecb287e16721d8b965e6d157,382901,3.0
cff0f0809dc5ce3c96a8f67a809cdb9a,32164316,5.0
464e033867e8368219e376b3985bd5d0,24597518,4.0
66a93fab93aa0d1c64692ba0eebbbc4c,347610,5.0
3b61f6731fbcfdd06233aef316185cab,5941033,4.0
1a18545e0bf07492a69ddfb430e090bb,16151178,4.0
59e64ca88487c2848344624cc52cf199,77661,4.0
7c641d8ca0c8b49a2a2bc8a594943898,101028,3.0
ee97ac9ab3d3d477c51d84cab2c56976,25532794,5.0
57969140b13e2ff7860bf2a69c628f05,18870972,5.0
3877437ce5f6ba9018101736ad13a9a7,28449257,2.0
0375f4e4fa58751904b5b7d449d38bb0,944076,4.0
b2662c0122d8d71e3c1116985eafc399,20605431,4.0
6ce050337fb2e14310e1c07836755cdf,23264671,5.0
b961d393bb330161bd42edd56a548126,11978369,3.0
521b23f9ec29d42f9b4ca70111b36a80,6667612,5.0
2c4628053aa9f2808609b5fcaf4843bc,2627131,1.0
98ea4638b79e5468ff5304eb9696b68d,8428195,5.0
5f26661d439249b94a9fce394036588f,10089874,5.0
36a97ed9d18b56d2b1a6fe0e3c115e06,220818,5.0
9f34a08beb4c5831d017e83d2c3729bd,205540,5.0
40f4fe8823c41655a8f23932276fab84,29887531,0.0
b9d70adda57140ee199076b87b1fd542,28217802,3.0
93096b6c7188f68cbcd3cd9e4ade0260,19254340,5.0
67ca290669fb14afc586df15a723e364,11588,5.0
1861fb13fd7d8f9bb0dbd131cddef1b1,16034024,5.0
d9ee4c53b1aa188229c420e32ad835e4,7686667,5.0
fb21e8e3ac465dae1d2e212a8c059e5c,12001,5.0
9d92b356f5e4938dbcde10bbf16f4876,6604887,2.0
3519beb3f46f463283ccf9bdbe1622df,1106149,3.0
b0ed09d14a462cb2d27327b87edf6f68,103918,3.0
7c6c4647dec780e416f5e2496fe0771c,20665570,5.0
395934a50d7a4099c0e846a956cdbf30,6326593,3.0
1ead895152cbf62d297f2a9cd0c86222,6482837,5.0
e780ea8756bdaacfe375bbb29557fcec,227506,5.0
6cde2d1fcbb653a36e6b1afcae734084,5933841,4.0
58482f56da2f8dd215040b976ac4303c,19288239,5.0
e72506656c7a4eb54d5ec1d5256160a7,13623150,2.0
9a1ea054ef5dbfffbb165a77738964c3,1404078,4.0
305c10955ad74683f728b89991aa5b49,18012809,4.0
a9c4f46c4e31d40343e28f89ecb5ac13,35353683,5.0
97e096205846f658d77485a8884d9d09,1100042,5.0
53602f3def5a985153c1c4d0f7725140,13514960,5.0
1e5ccdb85e9c13481d83db60b4c9aad6,7779,5.0
387f609892cdceca18816e754ab1bf0f,20445713,5.0
aa26b71487f0f7135e2a35c684b5c7b7,2404507,3.0
1e946b8f76d5a75414946767cd18cff9,248172,5.0
66b5f939ffe8507af1e032efd8449dbd,60931,2.0
52605a7dc4c122310cbc56656cc97d7f,28449257,5.0
ab6fdf600c37cb913eb11ceae8c71751,32072357,5.0
8b12b0ff0b97bd382cd9ecda47b3f7d2,293973,5.0
ec26145d55e5cd7be310431449ab7b50,16068905,4.0
2322ff5ac4a37f40451c8391759e76d6,1815529,4.0
9b77459b600b4dfc3f9093f141d3389e,1898,5.0
bfb091d1a0a3b05329987a58f4e565e0,688717,3.0
fa90f5c556a63bb8e13f6f4678055c9e,35296885,3.0
0102db8db2097cd4482ebc20b7b2d5be,18666175,3.0
ba8122cd459b00e42e724e9420dea6f1,10308381,5.0
8b0cfa8828153dd772922c5d9bbca9b5,27269638,0.0
1b2aea7a775a10e815a338ba2f9aefea,725366,5.0
bb8dba3ebf8bf0355d66fe25c4b07b93,22488005,4.0
5d0ee45adc52467172e5cc4fe2cfd66f,22698568,5.0
05a17ea5274f8598e8d1f485ed03a90e,23569717,5.0
b9c0d56438ee6342288737820c9cdcbf,14064,4.0
75543c79bc00cc5430a2cf62d72750e5,15749186,5.0
298fc81f00dd496884ca41341add27c1,3043656,3.0
6eba7f04f7f31de8d565a59923fa0bd4,22236645,5.0
cc0aa592d969a5761bee4a467a04f9f5,80795,5.0
0a8fc0beea9f245aee04e9a8004fedd1,25807738,3.0
6542fffbd68c6394734eeb4cf8fd29d0,16171291,3.0
5824d52343ac9813d2099da6a62a34e4,13486632,5.0
d25a0130b8c836a9d2566e8e406f2574,6482837,4.0
3b31ac9059f84b50b831695ceaa95871,31931941,5.0
b7465ea07a41f08cb502ee79f3f4911e,1629007,2.0
3fb393fb3471da1ff1ebaf1ada7a17f5,6482837,4.0
87ce1d5b84c9f377fe057aeddf90ee44,7686667,4.0
2555cf4f2b3a956c8a8cf16e1500e64f,2498975,3.0
567de4bf0c6e6893fa7deb54dd4717ef,15757434,5.0
7cce7b2f3c260a105659221e016f183d,9364104,5.0
1ccfe30859d99f93fb46abd7e60487db,19056,5.0
7e8f052e1dadb3b138d966e93e7f5c77,13628209,3.0
60d347b10d238433fed9eecbfbce3c7e,16168131,3.0
774625e4b4262ab4e344c5a602354a94,1232,5.0
5e37533366e6ff90cd2b321245e5c2eb,20564453,5.0
1e20aaeada055c1bd69cdd5e160d8449,61919,5.0
eab9fecef0ed8361130d15d82e38ba29,62292,3.0
780b52a9ec057a458031353110c276f7,26150770,3.0
0cb521a8438e0b3125526059fa1742be,11275,4.0
4d4fa2e0db859ccc3f8192e2f2a1e783,25351682,4.0
22b29f4e3b4b679ac9abb2c09f9a940e,386371,4.0
e362342205e57ec54a256393052ecfd9,20806584,4.0
154e67553e3bd9a0d495cd7757a0c596,15808287,2.0
81a0521707b3223f6f3b282b323ea239,26150770,0.0
da9f2740e984b5169f0fd445b92b3557,16126596,5.0
36bd9aa607f924167a3ebffb77c90d1e,11183662,5.0
24565099dc0aae8baaadbed6255effcf,7286511,4.0
6ab3bec5d8c9f53e3913b3f3700c62a7,26059541,5.0
f6e0d71eed847c270bd0d7fff96f2bd5,10519020,3.0
a440798951d586a3c33edcea5284af62,17801656,3.0
d6319be842dac56d7bf240716c82c7ca,9416,3.0
0b00aeb045c3aed79c4121f4e3c6452b,17659894,3.0
806202cbcafa525146eb76a8a85ad420,10941624,5.0
0ab425b78931f853767ae7d2c296dc68,21847016,1.0
4f23757bddf3ae8feb5c8309062b4fa2,13414795,5.0
6130f258177c4c898377f3c579adf23c,9659857,5.0
ceddccb68278badf357acf5997f7e16e,13482355,2.0
8b6b4da03813500afdc5263166b0527b,17399160,2.0
96a053cc165c90d039d04158b8c1ff04,21411905,3.0
2655f4fbe5b6c544bd837b038b331932,9933959,4.0
639c807e181efad2e8bbca8f2be02c60,6604887,0.0
bcdd30a1efc6520bb3be2437b6452ed7,1295,4.0
607c94be8e31b66db06b4cf4420f9f0d,3992598,4.0
9f751b0f25fa868b1ef41eafd5010c96,6367153,1.0
4922591667fd3e8adc0c5e3d42cf557a,9801589,0.0
d4cbab0c371850523d8f6694fab88de4,13622622,5.0
30e1246cccfc535d952c3b207eb83c40,28240855,5.0
b35e5363dd3fc145a6450a1fc08f2ce1,13312527,5.0
c0535e08d1f01d8df7cb7792108fdf9e,1253933,4.0
c508f59223534d2c2d6910f3446299ef,24060905,5.0
997e08b2323d9bfc06fe35b18274f725,6688512,3.0
330d5e764ea628140a368502f7d342f1,29364847,3.0
4526a2917a382b87e21a1e0544c8c4a2,5966829,4.0
d0d9014061aab4e524baf5f1c6ea3100,255251,4.0
05eb6c5846dfa417e22f998f0cbe0e6b,21853628,2.0
ce967257f37401943322b6c446f18051,106393,5.0
a84fbb4719da735b07088e4bce6adb8f,9519042,4.0
09c4a40f634b1498866d4b5b89f7195c,15749186,3.0
fcf087290b8c3f96a442f858809bf6ef,25389049,4.0
572c16b3b38304379cdb7ad8d62db966,18218783,2.0
f9cf2d38b8a1dfb83ec1109cccd56fd4,15798754,4.0
37871bbeb5eb1886605c40ad9ceeb8c1,1913193,4.0
472eed36ae5ce9558eeabcee5c390b47,11810047,4.0
fce6db8ce1765c868d621a6205fd1442,1416700,5.0
fd5bc4a1032fdd528e9e564277c2546b,6227418,5.0
672c2239992e259ba21083acfe30c232,20875571,4.0
c96ef78de7028e9ed7002356fb800a52,1358347,3.0
2db9c1e17a9d7f644195c56c8141a261,12988074,3.0
7b20eb5cdbcc89344fc92a40bdf21378,20587777,4.0
890fe00be33e1e5dc34a076343cfa15a,8709526,5.0
6619754412c3e292027d7a3855a288d9,28390724,3.0
bf5c965018bb65dbf8b4610238363fea,17910570,5.0
d82292f96b3765bf85f82aa9491637c3,118944,2.0
e0dda04adf79c993b59ff9b58e175cdb,20445713,4.0
a2a2db54d69247a6b37002a6cae65ed7,31836430,4.0
4958f956d0434a8f320386a317a60d51,18621809,4.0
002a023d3de233b4bd3ec4fc3e9c581a,11008319,5.0
db7260fa19076a843680025dbf84af24,72876,4.0
773d625dc24c40d2d4659599c4fe2f20,20307478,3.0
df93e9aa320294b811eb0d5aca72aa97,23299512,5.0
60debf1879d7e010429dd8d2e1305049,34021404,5.0
eba823aeb2549fd046440118f767dc7d,2213661,5.0
f027605b3d9ee45b3db6c28cde073c22,199617,3.0
